{"r2": 0.5116577071919611, "mae": 35.117696546052635, "feature_importance": {"_type": "image-file", "path": "media/images/feature_importance_0_5aa05db1.png", "sha256": "5aa05db16cef095db4a07ac7409bd1fdc6146945ce68bb317373e3e6aa910c6d", "size": 33970, "format": "png", "width": 1000, "height": 1000}, "_runtime": 18, "_timestamp": 1698939269, "_step": 0}