{"r2": 0.5090484544836179, "mae": 35.06719375, "feature_importance": {"_type": "image-file", "path": "media/images/feature_importance_0_b0f0d8d6.png", "sha256": "b0f0d8d6b7715c8c0e6decffaebd2eb116b05887fbd09595d2c808e8ea9489ef", "size": 33969, "format": "png", "width": 1000, "height": 1000}, "_runtime": 32, "_timestamp": 1698942865, "_step": 0}