{"r2": 0.5636864580042842, "mae": 33.22595756578947, "feature_importance": {"_type": "image-file", "path": "media/images/feature_importance_0_102ca193.png", "sha256": "102ca1931ba894147d27b5eaaa12dbf728c9a537d1af1cd49057552cf7cc83a5", "size": 33981, "format": "png", "width": 1000, "height": 1000}, "_runtime": 93, "_timestamp": 1698942624, "_step": 0}