{"r2": 0.5610938953197855, "mae": 33.35104276315789, "feature_importance": {"_type": "image-file", "path": "media/images/feature_importance_0_fa1b538b.png", "sha256": "fa1b538b64dfa166de4ea3722f8a5121b1e90a3c181348e4563bbb97ee7be604", "size": 33984, "format": "png", "width": 1000, "height": 1000}, "_runtime": 54, "_timestamp": 1698945421, "_step": 0}