{"r2": 0.5066960255267499, "mae": 35.202258223684204, "feature_importance": {"_type": "image-file", "path": "media/images/feature_importance_0_a2525e8a.png", "sha256": "a2525e8af08cbc04a3ee1cbcf2930dc3ee32f2d214c11ba12b9655f58f0c9145", "size": 33433, "format": "png", "width": 1000, "height": 1000}, "_runtime": 11, "_timestamp": 1698942122, "_step": 0}