{"r2": 0.5664680206674126, "mae": 33.091675986842105, "feature_importance": {"_type": "image-file", "path": "media/images/feature_importance_0_9c4be8f8.png", "sha256": "9c4be8f802030a54cc2e2746f9eb345721289874f548e7bb58174f03f9638e6c", "size": 33972, "format": "png", "width": 1000, "height": 1000}, "_runtime": 31, "_timestamp": 1698939315, "_step": 0}