{"r2": 0.5267241178100813, "mae": 34.425525, "feature_importance": {"_type": "image-file", "path": "media/images/feature_importance_0_fa0e78b5.png", "sha256": "fa0e78b57cba2fbae7739fa8a90f0cc330d772779292ce785e2fba2e2fee168a", "size": 33968, "format": "png", "width": 1000, "height": 1000}, "_runtime": 45, "_timestamp": 1698945618, "_step": 0}