{"r2": 0.5445153731000418, "mae": 33.221813815789474, "feature_importance": {"_type": "image-file", "path": "media/images/feature_importance_0_5b773f87.png", "sha256": "5b773f87462addb35d43ab79917a24d51c708795d5cdbc285ca11ba4e8acf1b6", "size": 33436, "format": "png", "width": 1000, "height": 1000}, "_runtime": 139, "_timestamp": 1698944544, "_step": 0}