{"r2": 0.5635519890425721, "mae": 33.28804144736842, "feature_importance": {"_type": "image-file", "path": "media/images/feature_importance_0_08a3394e.png", "sha256": "08a3394e1534ade37618c66b6b5121482d6a618cce27eebfc41b945b68083053", "size": 33978, "format": "png", "width": 1000, "height": 1000}, "_runtime": 86, "_timestamp": 1698948173, "_step": 0}