{"r2": 0.4401508493143743, "mae": 37.588377960526316, "feature_importance": {"_type": "image-file", "path": "media/images/feature_importance_0_fe5f90b5.png", "sha256": "fe5f90b5380795ed76da3ea9f94e4cee163f575cedded01fccf9b7ef6da06013", "size": 33451, "format": "png", "width": 1000, "height": 1000}, "_runtime": 34, "_timestamp": 1698941953, "_step": 0}