{"r2": 0.5369844311976195, "mae": 33.433816611842104, "feature_importance": {"_type": "image-file", "path": "media/images/feature_importance_0_4c49e65a.png", "sha256": "4c49e65a4b4e8e45aed5781d771f80362d3834e53975532f4a12abf0271e485c", "size": 33474, "format": "png", "width": 1000, "height": 1000}, "_runtime": 34, "_timestamp": 1698943991, "_step": 0}