{"r2": 0.5581679842066831, "mae": 33.49566875, "feature_importance": {"_type": "image-file", "path": "media/images/feature_importance_0_b5da12d3.png", "sha256": "b5da12d3db98e299c08a92a12c49aba17146d57879e4a5ea20ca1a92c593a99b", "size": 33962, "format": "png", "width": 1000, "height": 1000}, "_runtime": 162, "_timestamp": 1698948519, "_step": 0}