{"r2": 0.5620993540788962, "mae": 33.30357236842105, "feature_importance": {"_type": "image-file", "path": "media/images/feature_importance_0_829312d8.png", "sha256": "829312d841fda28b4d772d3491c3768a082d1904c5e773fcb56cb70ef1125630", "size": 33979, "format": "png", "width": 1000, "height": 1000}, "_runtime": 47, "_timestamp": 1698940326, "_step": 0}