{"r2": 0.5239846297043795, "mae": 34.61597532894737, "feature_importance": {"_type": "image-file", "path": "media/images/feature_importance_0_d5e74d68.png", "sha256": "d5e74d68b0a4c31e463d07885c635b228e941c88b9df3ad5e9aec66ad1a3a679", "size": 33982, "format": "png", "width": 1000, "height": 1000}, "_runtime": 13, "_timestamp": 1698944781, "_step": 0}