{"r2": 0.43618309195275173, "mae": 37.76197697368421, "feature_importance": {"_type": "image-file", "path": "media/images/feature_importance_0_6738b11f.png", "sha256": "6738b11f50a945dffc9b7822b07cf515eb020fd3a584a7eb73906e9f1344d2be", "size": 33452, "format": "png", "width": 1000, "height": 1000}, "_runtime": 11, "_timestamp": 1698941273, "_step": 0}