{"r2": 0.5624279362896081, "mae": 33.29154440789474, "feature_importance": {"_type": "image-file", "path": "media/images/feature_importance_0_ac87cb2b.png", "sha256": "ac87cb2bb5040dcfbea564af90181924cf319090b44ceb35f1ca8d4d31d2ccfb", "size": 33977, "format": "png", "width": 1000, "height": 1000}, "_runtime": 22, "_timestamp": 1698944657, "_step": 0}