{"r2": 0.5465895700531777, "mae": 33.10065460526315, "feature_importance": {"_type": "image-file", "path": "media/images/feature_importance_0_c06a058c.png", "sha256": "c06a058c013d440edc6e6c7148872e62da6e40d586a5e0c7d9410607636c5596", "size": 33415, "format": "png", "width": 1000, "height": 1000}, "_runtime": 55, "_timestamp": 1698938603, "_step": 0}