{"r2": 0.5377957221202148, "mae": 33.39477467105263, "feature_importance": {"_type": "image-file", "path": "media/images/feature_importance_0_67f60c96.png", "sha256": "67f60c96acc53222febe285a471c483bfce6f720cf575a539321da953bca5c46", "size": 33456, "format": "png", "width": 1000, "height": 1000}, "_runtime": 33, "_timestamp": 1698941348, "_step": 0}