{"r2": 0.5363771062706844, "mae": 33.44628782894737, "feature_importance": {"_type": "image-file", "path": "media/images/feature_importance_0_aa9f2ee4.png", "sha256": "aa9f2ee4570493f32b1df3266963d49bf3a7fc34a534407fa026c000792ee4cc", "size": 33462, "format": "png", "width": 1000, "height": 1000}, "_runtime": 72, "_timestamp": 1698944274, "_step": 0}