{"r2": 0.540899143289473, "mae": 33.312550986842105, "feature_importance": {"_type": "image-file", "path": "media/images/feature_importance_0_bc63e4c8.png", "sha256": "bc63e4c80d4b2ba4759028b35a460efd1e11d2a571cf4da42aa66ea14db426b3", "size": 33437, "format": "png", "width": 1000, "height": 1000}, "_runtime": 24, "_timestamp": 1698943856, "_step": 0}