{"r2": 0.45463193181813366, "mae": 36.99545822368421, "feature_importance": {"_type": "image-file", "path": "media/images/feature_importance_0_438ab642.png", "sha256": "438ab6426d35362ffb8d8161ff8e9dfb37ae6e3baa88c8134f8107f86a1133f9", "size": 33447, "format": "png", "width": 1000, "height": 1000}, "_runtime": 32, "_timestamp": 1698938677, "_step": 0}