{"r2": 0.5619096725256245, "mae": 33.366376644736846, "feature_importance": {"_type": "image-file", "path": "media/images/feature_importance_0_057e2429.png", "sha256": "057e2429526eaddf1c304c27ed70d77f6b53e820432eb2b5ba29d808ce9fb8e4", "size": 33988, "format": "png", "width": 1000, "height": 1000}, "_runtime": 25, "_timestamp": 1698942047, "_step": 0}