{"r2": 0.5577137396096372, "mae": 33.53544078947368, "feature_importance": {"_type": "image-file", "path": "media/images/feature_importance_0_c82b3bd6.png", "sha256": "c82b3bd6bdad0562e815a05b7a115daa28c32b6e53c79a879185bbdf93c8c4dc", "size": 33961, "format": "png", "width": 1000, "height": 1000}, "_runtime": 32, "_timestamp": 1698939209, "_step": 0}