{"r2": 0.5375054263974135, "mae": 33.37411381578947, "feature_importance": {"_type": "image-file", "path": "media/images/feature_importance_0_23b7ccc7.png", "sha256": "23b7ccc77c8db854a36acf26016ab733c46e37de9459143234149bf591a758ca", "size": 37300, "format": "png", "width": 1000, "height": 1000}, "_runtime": 75, "_timestamp": 1698941636, "_step": 0}