{"r2": 0.5554105159908542, "mae": 33.65757894736842, "feature_importance": {"_type": "image-file", "path": "media/images/feature_importance_0_e331e57f.png", "sha256": "e331e57f00bdb1767028b63d4aa89bcec0942d1a0aeb1893b38222e33b6256c9", "size": 33969, "format": "png", "width": 1000, "height": 1000}, "_runtime": 37, "_timestamp": 1698944753, "_step": 0}