{"r2": 0.5619920255454924, "mae": 33.327188486842104, "feature_importance": {"_type": "image-file", "path": "media/images/feature_importance_0_b5e8ec26.png", "sha256": "b5e8ec268edbf88f4cdfd4fb5573033b74ecea3e64bf3e7eb6c3cec03aaad515", "size": 33973, "format": "png", "width": 1000, "height": 1000}, "_runtime": 129, "_timestamp": 1698943697, "_step": 0}