{"r2": 0.5480505775917951, "mae": 33.42929440789474, "feature_importance": {"_type": "image-file", "path": "media/images/feature_importance_0_02c1675b.png", "sha256": "02c1675bb45a67bbf8d94a3d4a1450b7889b6cff9d1011d2d299af7e349e50a5", "size": 33427, "format": "png", "width": 1000, "height": 1000}, "_runtime": 23, "_timestamp": 1698890573, "_step": 0}