{"r2": 0.5619612415912174, "mae": 33.32678157894737, "feature_importance": {"_type": "image-file", "path": "media/images/feature_importance_0_5671120d.png", "sha256": "5671120dbbce5c320bbe56b5619ec4762d8ad427bc0a946de6869fd54412232c", "size": 33975, "format": "png", "width": 1000, "height": 1000}, "_runtime": 140, "_timestamp": 1698942798, "_step": 0}