{"r2": 0.562476359515868, "mae": 33.29722203947368, "feature_importance": {"_type": "image-file", "path": "media/images/feature_importance_0_e7e00a9e.png", "sha256": "e7e00a9e1753a171c404c8dcc872e87455fc1c8389e230e21d4fb82a3bef16f8", "size": 33978, "format": "png", "width": 1000, "height": 1000}, "_runtime": 23, "_timestamp": 1698946608, "_step": 0}