{"r2": 0.5485789169436035, "mae": 33.65614802631579, "feature_importance": {"_type": "image-file", "path": "media/images/feature_importance_0_a04ca46f.png", "sha256": "a04ca46feb338227820c6f831c150db760f2db16a21a076ebc3d1a044abb04ca", "size": 33441, "format": "png", "width": 1000, "height": 1000}, "_runtime": 23, "_timestamp": 1698891391, "_step": 0}