{"r2": 0.5463941689601947, "mae": 33.09859802631579, "feature_importance": {"_type": "image-file", "path": "media/images/feature_importance_0_e69c4ff7.png", "sha256": "e69c4ff77fdc764c81d38abb6e6577bdda0faf99c65db108f23d6b6d9c6540d8", "size": 33437, "format": "png", "width": 1000, "height": 1000}, "_runtime": 142, "_timestamp": 1698941905, "_step": 0}