{"r2": 0.560836400394338, "mae": 33.35365213815789, "feature_importance": {"_type": "image-file", "path": "media/images/feature_importance_0_785642ab.png", "sha256": "785642abf442508798d6e5b64bbdac3578039e339c36f5fc1ae95881f78a8b0b", "size": 33971, "format": "png", "width": 1000, "height": 1000}, "_runtime": 50, "_timestamp": 1698946887, "_step": 0}