{"r2": 0.5626617461601723, "mae": 33.30323190789474, "feature_importance": {"_type": "image-file", "path": "media/images/feature_importance_0_2bad759d.png", "sha256": "2bad759d52905804c334b08fa11837b4bc4d5d1317f5025d445108a46f14fff5", "size": 33966, "format": "png", "width": 1000, "height": 1000}, "_runtime": 56, "_timestamp": 1698942328, "_step": 0}