{"r2": 0.4630234065824028, "mae": 36.632409539473684, "feature_importance": {"_type": "image-file", "path": "media/images/feature_importance_0_074c8677.png", "sha256": "074c86770127be9354dc7b57442207a282d55aebaf0008d80469583633a8b4f1", "size": 33456, "format": "png", "width": 1000, "height": 1000}, "_runtime": 11, "_timestamp": 1698943793, "_step": 0}