{"r2": 0.5661415479136227, "mae": 33.09496546052631, "feature_importance": {"_type": "image-file", "path": "media/images/feature_importance_0_7dab72ab.png", "sha256": "7dab72abdde8e86bbdeb37fd5d740923cb244b3c16da9f255d9a33c8c756a3b0", "size": 33973, "format": "png", "width": 1000, "height": 1000}, "_runtime": 18, "_timestamp": 1698940073, "_step": 0}