{"r2": 0.5572032527636548, "mae": 33.559794407894735, "feature_importance": {"_type": "image-file", "path": "media/images/feature_importance_0_f0d7680b.png", "sha256": "f0d7680b947bd88478577db8683545a9a774e3d062e63a171de51a59910c2d51", "size": 33995, "format": "png", "width": 1000, "height": 1000}, "_runtime": 75, "_timestamp": 1698945516, "_step": 0}