{"r2": 0.5615476490051127, "mae": 33.33526578947368, "feature_importance": {"_type": "image-file", "path": "media/images/feature_importance_0_9e6d1120.png", "sha256": "9e6d112034f4844f1f7d56adde7c4d425cd34f3da9435328163e2c3e8995c3f0", "size": 33968, "format": "png", "width": 1000, "height": 1000}, "_runtime": 141, "_timestamp": 1698941040, "_step": 0}