{"r2": 0.5433920997942726, "mae": 33.31882894736842, "feature_importance": {"_type": "image-file", "path": "media/images/feature_importance_0_38a565f2.png", "sha256": "38a565f2231d77acd649f5841b85890c1844a8a70352328b77143656809355c2", "size": 33420, "format": "png", "width": 1000, "height": 1000}, "_runtime": 32, "_timestamp": 1698943897, "_step": 0}