{"r2": 0.5581064576537977, "mae": 33.523875, "feature_importance": {"_type": "image-file", "path": "media/images/feature_importance_0_5df3c1fd.png", "sha256": "5df3c1fddb52390184eaa1e09f4e0d8f6d9ee999813b02c39486bc7d31029d72", "size": 33971, "format": "png", "width": 1000, "height": 1000}, "_runtime": 29, "_timestamp": 1698946651, "_step": 0}