{"r2": 0.534345094345222, "mae": 33.52070230263158, "feature_importance": {"_type": "image-file", "path": "media/images/feature_importance_0_b99f29fd.png", "sha256": "b99f29fdafb91311a8fa23fbb0c838689c1961b2e0449824e85c205c2d6ef09d", "size": 33434, "format": "png", "width": 1000, "height": 1000}, "_runtime": 38, "_timestamp": 1698891254, "_step": 0}