{"r2": 0.5143431265698093, "mae": 34.93400559210526, "feature_importance": {"_type": "image-file", "path": "media/images/feature_importance_0_56764874.png", "sha256": "567648740e8cbee319a0c4b59829b02a2ab478f39a3cf37869e51da1f402a2f9", "size": 33967, "format": "png", "width": 1000, "height": 1000}, "_runtime": 35, "_timestamp": 1698939542, "_step": 0}