{"r2": 0.4509360942916991, "mae": 37.2117384868421, "feature_importance": {"_type": "image-file", "path": "media/images/feature_importance_0_5b8c6c38.png", "sha256": "5b8c6c3841dae7002325633bed548ddb147688b8fbc044b2b3e253805b65b7af", "size": 33463, "format": "png", "width": 1000, "height": 1000}, "_runtime": 11, "_timestamp": 1698938286, "_step": 0}