{"r2": 0.539299355489746, "mae": 33.35103782894737, "feature_importance": {"_type": "image-file", "path": "media/images/feature_importance_0_14522534.png", "sha256": "145225344cae22aa39a761e2d31dba593a7769bb57c16d6a2cafa01216b7df6b", "size": 33462, "format": "png", "width": 1000, "height": 1000}, "_runtime": 18, "_timestamp": 1698938315, "_step": 0}