{"r2": 0.558665560816269, "mae": 33.51067434210527, "feature_importance": {"_type": "image-file", "path": "media/images/feature_importance_0_f7a28de2.png", "sha256": "f7a28de2e4093a92c3748d72e30b264da77774f6e8fa755f3ac35da269c0eaf2", "size": 33966, "format": "png", "width": 1000, "height": 1000}, "_runtime": 28, "_timestamp": 1698944700, "_step": 0}