{"r2": 0.5423846064070741, "mae": 33.263235855263154, "feature_importance": {"_type": "image-file", "path": "media/images/feature_importance_0_47f5dfdb.png", "sha256": "47f5dfdbcbcc4c75ae38d0bbb77934d4ee3cace1d8474ce0cf584712f2f10528", "size": 33449, "format": "png", "width": 1000, "height": 1000}, "_runtime": 101, "_timestamp": 1698944390, "_step": 0}