{"r2": 0.5626193083752175, "mae": 33.30761430921053, "feature_importance": {"_type": "image-file", "path": "media/images/feature_importance_0_ebb87306.png", "sha256": "ebb87306150a489c0c03c39c06825983b726a41323d57719e6ccf6cb38a2c168", "size": 33964, "format": "png", "width": 1000, "height": 1000}, "_runtime": 55, "_timestamp": 1698943236, "_step": 0}