{"r2": 0.5388482518881316, "mae": 33.34087467105263, "feature_importance": {"_type": "image-file", "path": "media/images/feature_importance_0_8934b9f8.png", "sha256": "8934b9f8e9b412cd7cfa917cfb577d8e17bbbb71a562225012a13bc92d8b1093", "size": 33468, "format": "png", "width": 1000, "height": 1000}, "_runtime": 68, "_timestamp": 1698938759, "_step": 0}