{"r2": 0.5347984092506265, "mae": 33.46562006578947, "feature_importance": {"_type": "image-file", "path": "media/images/feature_importance_0_5b3819d8.png", "sha256": "5b3819d809e8739321701ed4ea17cb0efacdea696d01864093da7a371b248e32", "size": 33444, "format": "png", "width": 1000, "height": 1000}, "_runtime": 87, "_timestamp": 1698891353, "_step": 0}