{"r2": 0.5618633810058623, "mae": 33.35156315789474, "feature_importance": {"_type": "image-file", "path": "media/images/feature_importance_0_64685ed5.png", "sha256": "64685ed56dc9dd54fda23febfa4755251713a4fa880b9a502c5fb68f8bbeb4fc", "size": 33977, "format": "png", "width": 1000, "height": 1000}, "_runtime": 117, "_timestamp": 1698945878, "_step": 0}