{"r2": 0.5637443048416098, "mae": 33.22434572368421, "feature_importance": {"_type": "image-file", "path": "media/images/feature_importance_0_8b5f8529.png", "sha256": "8b5f8529fba6abe809229e898bff0a3449a85e189aaf4e029babf6270970e24b", "size": 33985, "format": "png", "width": 1000, "height": 1000}, "_runtime": 96, "_timestamp": 1698943535, "_step": 0}