{"r2": 0.5615641253965626, "mae": 33.33329934210526, "feature_importance": {"_type": "image-file", "path": "media/images/feature_importance_0_fcfd06a2.png", "sha256": "fcfd06a2084a3abe2f5a18a5a8c90b6571292d53470d3a61228b3b65fd2e2d6c", "size": 33971, "format": "png", "width": 1000, "height": 1000}, "_runtime": 59, "_timestamp": 1698940406, "_step": 0}