{"r2": 0.5622685909900644, "mae": 33.30227631578947, "feature_importance": {"_type": "image-file", "path": "media/images/feature_importance_0_ea08d589.png", "sha256": "ea08d58942cba1e5d96ff82ac2dca9eebeb213c4f6f8f8c4ca754872b442a11a", "size": 33994, "format": "png", "width": 1000, "height": 1000}, "_runtime": 40, "_timestamp": 1698942252, "_step": 0}