{"r2": 0.5580758989042789, "mae": 33.49430131578947, "feature_importance": {"_type": "image-file", "path": "media/images/feature_importance_0_eda7801d.png", "sha256": "eda7801d113f9516ebdcb42d86f626faf1575712321589269f7b18cd00490212", "size": 33963, "format": "png", "width": 1000, "height": 1000}, "_runtime": 164, "_timestamp": 1698946077, "_step": 0}