{"r2": 0.5448401853450859, "mae": 33.11448519736842, "feature_importance": {"_type": "image-file", "path": "media/images/feature_importance_0_10df5906.png", "sha256": "10df59069f1508caabc529691120a3dec7fc63d0d061d58e5528cc43578b05d7", "size": 33443, "format": "png", "width": 1000, "height": 1000}, "_runtime": 43, "_timestamp": 1698941403, "_step": 0}