{"r2": 0.5623077080164781, "mae": 33.36629605263158, "feature_importance": {"_type": "image-file", "path": "media/images/feature_importance_0_016bd61c.png", "sha256": "016bd61c3383e46e48a6db681a4ab867be38552d2e4538e594e6a7388fc2d135", "size": 33981, "format": "png", "width": 1000, "height": 1000}, "_runtime": 33, "_timestamp": 1698942095, "_step": 0}