{"r2": 0.5454156590754009, "mae": 33.17563815789474, "feature_importance": {"_type": "image-file", "path": "media/images/feature_importance_0_186646d8.png", "sha256": "186646d8d6ef418d1a491704164a96fd7ed57aba8e906b7a00210128cb86554d", "size": 33952, "format": "png", "width": 1000, "height": 1000}, "_runtime": 30, "_timestamp": 1698938391, "_step": 0}