{"r2": 0.5392641693362701, "mae": 33.3414572368421, "feature_importance": {"_type": "image-file", "path": "media/images/feature_importance_0_f2643705.png", "sha256": "f264370543c5cddf17f6b5f6c3c9272f733e0d1d0db12549228dc557880e68de", "size": 33468, "format": "png", "width": 1000, "height": 1000}, "_runtime": 30, "_timestamp": 1698938483, "_step": 0}