{"r2": 0.5556880519901379, "mae": 33.64160855263158, "feature_importance": {"_type": "image-file", "path": "media/images/feature_importance_0_c30ee847.png", "sha256": "c30ee8477b950d3e710c437f6b245b2eacc92a2920539e3418aab15d0f0311b0", "size": 33974, "format": "png", "width": 1000, "height": 1000}, "_runtime": 37, "_timestamp": 1698946703, "_step": 0}