{"r2": 0.5099308050655016, "mae": 35.256202302631586, "feature_importance": {"_type": "image-file", "path": "media/images/feature_importance_0_ddcf86e4.png", "sha256": "ddcf86e4f3a6795b24b629ebd8a828d6a1a464e159d51778ea37665346eec472", "size": 33969, "format": "png", "width": 1000, "height": 1000}, "_runtime": 11, "_timestamp": 1698940042, "_step": 0}