{"r2": 0.5443605251940121, "mae": 33.208626644736846, "feature_importance": {"_type": "image-file", "path": "media/images/feature_importance_0_15ac130d.png", "sha256": "15ac130dc5c4288617f9c5d4465918d2dc57f7271ec129e28ca2a731e1a14408", "size": 33428, "format": "png", "width": 1000, "height": 1000}, "_runtime": 32, "_timestamp": 1698941250, "_step": 0}