{"r2": 0.5638369592118964, "mae": 33.22334342105263, "feature_importance": {"_type": "image-file", "path": "media/images/feature_importance_0_abeacd70.png", "sha256": "abeacd7014cd11c640b2c9854589c14a8e1f9c27610d4e46de4d0555156de766", "size": 33975, "format": "png", "width": 1000, "height": 1000}, "_runtime": 107, "_timestamp": 1698940865, "_step": 0}