{"r2": 0.5631812014315685, "mae": 33.28041282894737, "feature_importance": {"_type": "image-file", "path": "media/images/feature_importance_0_7becafd6.png", "sha256": "7becafd6b4c6c9830c4567d96195a934aa6b4045d7f2845dc16046d230a88650", "size": 33980, "format": "png", "width": 1000, "height": 1000}, "_runtime": 38, "_timestamp": 1698946817, "_step": 0}