{"r2": 0.551227147027892, "mae": 33.54504194078947, "feature_importance": {"_type": "image-file", "path": "media/images/feature_importance_0_5cad5d5c.png", "sha256": "5cad5d5cd6906a77a0341699c8c21b274a86cd883d44c5159dfc6b5c3c4bc525", "size": 33437, "format": "png", "width": 1000, "height": 1000}, "_runtime": 40, "_timestamp": 1698891446, "_step": 0}