{"r2": 0.5617177533168293, "mae": 33.34996513157895, "feature_importance": {"_type": "image-file", "path": "media/images/feature_importance_0_55986ae9.png", "sha256": "55986ae98ef8d44a3c82bd373d06ffff8595cb0ec73f6e0629cbe098229b5326", "size": 33981, "format": "png", "width": 1000, "height": 1000}, "_runtime": 117, "_timestamp": 1698948323, "_step": 0}