{"r2": 0.4601866156374981, "mae": 36.751813815789475, "feature_importance": {"_type": "image-file", "path": "media/images/feature_importance_0_3df5b0fb.png", "sha256": "3df5b0fbd5d44fb640f927971ba335474d767a677bfda2a7bc5aab2b5af5b9b4", "size": 33453, "format": "png", "width": 1000, "height": 1000}, "_runtime": 36, "_timestamp": 1698944191, "_step": 0}