{"r2": 0.46341070740444745, "mae": 36.60274177631579, "feature_importance": {"_type": "image-file", "path": "media/images/feature_importance_0_f7b057f6.png", "sha256": "f7b057f6f45c885d507155e6b3086c28f524441c0ff497eadb3859e4ef4a68b6", "size": 33460, "format": "png", "width": 1000, "height": 1000}, "_runtime": 17, "_timestamp": 1698944144, "_step": 0}