{"r2": 0.5455047973053746, "mae": 33.12913980263158, "feature_importance": {"_type": "image-file", "path": "media/images/feature_importance_0_53c5df65.png", "sha256": "53c5df6539a3b9f92ae5aa152dd09f9f99d924555c86e619e80451e5e8e76248", "size": 33444, "format": "png", "width": 1000, "height": 1000}, "_runtime": 25, "_timestamp": 1698941206, "_step": 0}