{"r2": 0.5524865968369517, "mae": 33.483924013157896, "feature_importance": {"_type": "image-file", "path": "media/images/feature_importance_0_c65c61ff.png", "sha256": "c65c61ff9f196a72d4eda832c810975346f22acd2cd30f36a41bf9785bc91cbc", "size": 33439, "format": "png", "width": 1000, "height": 1000}, "_runtime": 95, "_timestamp": 1698891560, "_step": 0}