{"r2": 0.5622244028813832, "mae": 33.305717927631584, "feature_importance": {"_type": "image-file", "path": "media/images/feature_importance_0_ea08d589.png", "sha256": "ea08d58942cba1e5d96ff82ac2dca9eebeb213c4f6f8f8c4ca754872b442a11a", "size": 33994, "format": "png", "width": 1000, "height": 1000}, "_runtime": 41, "_timestamp": 1698943162, "_step": 0}