{"r2": 0.4439206502243346, "mae": 37.45758141447368, "feature_importance": {"_type": "image-file", "path": "media/images/feature_importance_0_dd2101a9.png", "sha256": "dd2101a90da847f56ec6deb7f6dfb6b50559668847056af33311ab78e9c39b87", "size": 33445, "format": "png", "width": 1000, "height": 1000}, "_runtime": 16, "_timestamp": 1698941506, "_step": 0}