{"r2": 0.545740475276848, "mae": 33.14724506578948, "feature_importance": {"_type": "image-file", "path": "media/images/feature_importance_0_51350a7f.png", "sha256": "51350a7fe29c8ea30d8c6b705ca8ad6659fdaf3682ba882ad401f874475ee4a8", "size": 33451, "format": "png", "width": 1000, "height": 1000}, "_runtime": 23, "_timestamp": 1698938349, "_step": 0}