{"r2": 0.5368707598372053, "mae": 33.460605263157895, "feature_importance": {"_type": "image-file", "path": "media/images/feature_importance_0_d37d0fe3.png", "sha256": "d37d0fe3c0a767ab33b460a1f8a97cf5e96a19fd8183aa77ba5ee5fef6f17f7a", "size": 33457, "format": "png", "width": 1000, "height": 1000}, "_runtime": 18, "_timestamp": 1698943821, "_step": 0}