{"r2": 0.5646995017803099, "mae": 33.23037993421053, "feature_importance": {"_type": "image-file", "path": "media/images/feature_importance_0_d0c0bf7b.png", "sha256": "d0c0bf7be6dd78ce2090368361feb4525dbec506b5749b1a811f14a1ffd896b5", "size": 33976, "format": "png", "width": 1000, "height": 1000}, "_runtime": 18, "_timestamp": 1698942925, "_step": 0}