{"r2": 0.5645787533780761, "mae": 33.19131414473684, "feature_importance": {"_type": "image-file", "path": "media/images/feature_importance_0_de2112b4.png", "sha256": "de2112b4c63f998050bbcd02022f4f7ab6daebce5a513f576309b86f98857a78", "size": 33980, "format": "png", "width": 1000, "height": 1000}, "_runtime": 30, "_timestamp": 1698942193, "_step": 0}