{"r2": 0.5616427354795543, "mae": 33.33366036184211, "feature_importance": {"_type": "image-file", "path": "media/images/feature_importance_0_d4d02ec7.png", "sha256": "d4d02ec73347e04c9a98774fee6d0c76a964f1ae2119f3c4e843e23f78a2e4cf", "size": 33969, "format": "png", "width": 1000, "height": 1000}, "_runtime": 58, "_timestamp": 1698939454, "_step": 0}