{"r2": 0.45287921318569013, "mae": 37.09274506578947, "feature_importance": {"_type": "image-file", "path": "media/images/feature_importance_0_e9364e8a.png", "sha256": "e9364e8ae23565d4aaa0848141e5ba6926e3d793e28f9261b1fbfe0cb4b4e04f", "size": 33446, "format": "png", "width": 1000, "height": 1000}, "_runtime": 17, "_timestamp": 1698938632, "_step": 0}