{"r2": 0.5575587812023803, "mae": 33.534652960526316, "feature_importance": {"_type": "image-file", "path": "media/images/feature_importance_0_c82b3bd6.png", "sha256": "c82b3bd6bdad0562e815a05b7a115daa28c32b6e53c79a879185bbdf93c8c4dc", "size": 33961, "format": "png", "width": 1000, "height": 1000}, "_runtime": 31, "_timestamp": 1698940159, "_step": 0}