{"r2": 0.561809854407427, "mae": 33.37580592105263, "feature_importance": {"_type": "image-file", "path": "media/images/feature_importance_0_8c5579ca.png", "sha256": "8c5579ca1dba97be9edefd36caa11b81897a1dc877d09ac3f38199dbef61714e", "size": 33994, "format": "png", "width": 1000, "height": 1000}, "_runtime": 22, "_timestamp": 1698942961, "_step": 0}