{"r2": 0.5455224103496275, "mae": 33.15590871710526, "feature_importance": {"_type": "image-file", "path": "media/images/feature_importance_0_706c44a0.png", "sha256": "706c44a01a498b1dda78f471eff6003e185daf47bd64249ccc3e085de1074edf", "size": 33427, "format": "png", "width": 1000, "height": 1000}, "_runtime": 62, "_timestamp": 1698941477, "_step": 0}