{"r2": 0.5644660268684709, "mae": 33.153564473684206, "feature_importance": {"_type": "image-file", "path": "media/images/feature_importance_0_cbcd4cd7.png", "sha256": "cbcd4cd781e66f6fd91ea75b6b7bde5aeae9cf03b43b42fe0ad1e0b53a30006b", "size": 33981, "format": "png", "width": 1000, "height": 1000}, "_runtime": 68, "_timestamp": 1698943406, "_step": 0}