{"r2": 0.5266238063218318, "mae": 34.468004111842106, "feature_importance": {"_type": "image-file", "path": "media/images/feature_importance_0_3b0ddebf.png", "sha256": "3b0ddebffb9358ddf3e3050ab1ed12b97e6a73f76936791d30f0d8c444bcf17f", "size": 33973, "format": "png", "width": 1000, "height": 1000}, "_runtime": 490, "_timestamp": 1698945290, "_step": 0}