{"r2": 0.5609153022792263, "mae": 33.36766940789474, "feature_importance": {"_type": "image-file", "path": "media/images/feature_importance_0_3127e813.png", "sha256": "3127e8136f22c0fb21be25660345d377afdd6949f21e1b854784afddac49d0b0", "size": 33983, "format": "png", "width": 1000, "height": 1000}, "_runtime": 24, "_timestamp": 1698939161, "_step": 0}