{"r2": 0.5089441546827929, "mae": 35.07168174342105, "feature_importance": {"_type": "image-file", "path": "media/images/feature_importance_0_70f3e8fd.png", "sha256": "70f3e8fd2f4aa1c9082f14bd9da2a4351a82ce3743db6b7708e7f704df4b1ed9", "size": 33970, "format": "png", "width": 1000, "height": 1000}, "_runtime": 16, "_timestamp": 1698943059, "_step": 0}