{"r2": 0.5453819433888849, "mae": 33.12244243421053, "feature_importance": {"_type": "image-file", "path": "media/images/feature_importance_0_3f684aef.png", "sha256": "3f684aef9939fd1577ae03e1e5e09fcc78f6c2ba0f14419e17651eba735ddd21", "size": 33450, "format": "png", "width": 1000, "height": 1000}, "_runtime": 42, "_timestamp": 1698938536, "_step": 0}