{"r2": 0.5635260370285484, "mae": 33.282577631578945, "feature_importance": {"_type": "image-file", "path": "media/images/feature_importance_0_3cde456e.png", "sha256": "3cde456e8a0da8712006aef1c01f745506a4161975dfd4a8619f815db356f522", "size": 33969, "format": "png", "width": 1000, "height": 1000}, "_runtime": 86, "_timestamp": 1698945727, "_step": 0}