{"r2": 0.5377192711834482, "mae": 33.415817434210524, "feature_importance": {"_type": "image-file", "path": "media/images/feature_importance_0_24dd21df.png", "sha256": "24dd21df3c7c996e19477aed069862b1b3294b932bf29af5db44424c5b981046", "size": 37274, "format": "png", "width": 1000, "height": 1000}, "_runtime": 19, "_timestamp": 1698941170, "_step": 0}