{"r2": 0.5421068843046222, "mae": 33.26231085526316, "feature_importance": {"_type": "image-file", "path": "media/images/feature_importance_0_e32d1846.png", "sha256": "e32d1846ef6665c3656aba067cd2ee9c878e3488edca611a369cfdf387e7eba7", "size": 33451, "format": "png", "width": 1000, "height": 1000}, "_runtime": 43, "_timestamp": 1698944046, "_step": 0}