{"r2": 0.5462030122481909, "mae": 33.083485855263156, "feature_importance": {"_type": "image-file", "path": "media/images/feature_importance_0_975f44e4.png", "sha256": "975f44e48547b8ff7a8d38cef093cc0234cccf971cd3422d1e467df5132f480c", "size": 33448, "format": "png", "width": 1000, "height": 1000}, "_runtime": 97, "_timestamp": 1698938871, "_step": 0}