{"r2": 0.544890520789507, "mae": 33.103225986842105, "feature_importance": {"_type": "image-file", "path": "media/images/feature_importance_0_636e105e.png", "sha256": "636e105e80b78d638f794c8df3c782933aeffb0a467044c0dbc32fa875379e09", "size": 33451, "format": "png", "width": 1000, "height": 1000}, "_runtime": 97, "_timestamp": 1698941748, "_step": 0}