{"r2": 0.5445846512664237, "mae": 33.23936266447369, "feature_importance": {"_type": "image-file", "path": "media/images/feature_importance_0_c7b1f1f3.png", "sha256": "c7b1f1f3c14361624a957fa825ee8d28aac670410079a8663a55873e8022a710", "size": 33431, "format": "png", "width": 1000, "height": 1000}, "_runtime": 57, "_timestamp": 1698944115, "_step": 0}