{"r2": 0.5573179822250709, "mae": 33.552797697368426, "feature_importance": {"_type": "image-file", "path": "media/images/feature_importance_0_06aedcc6.png", "sha256": "06aedcc6597b95c7a727ac91b18f27b0167b1992ea564582c947a2ee1ee572c6", "size": 33972, "format": "png", "width": 1000, "height": 1000}, "_runtime": 1053, "_timestamp": 1698947963, "_step": 0}