{"r2": 0.5653944357662432, "mae": 33.1341292763158, "feature_importance": {"_type": "image-file", "path": "media/images/feature_importance_0_9f0eb0ac.png", "sha256": "9f0eb0acf6b8715d37a86b6245a4305b210339e5d133eaa5d9f478a8a1c30f3d", "size": 33977, "format": "png", "width": 1000, "height": 1000}, "_runtime": 72, "_timestamp": 1698939636, "_step": 0}