{"r2": 0.5469543877787966, "mae": 33.08092565789474, "feature_importance": {"_type": "image-file", "path": "media/images/feature_importance_0_bca0d0ed.png", "sha256": "bca0d0ed74c2070203cce293e7ef0a33327aa529210350e6385c4d480833e81a", "size": 33444, "format": "png", "width": 1000, "height": 1000}, "_runtime": 129, "_timestamp": 1698939016, "_step": 0}